layer,left_id,right_ids,rule,confidence,evidence,rejected
L1_ORDER_PAYMENT,order_00000,pay_00000a,R1.1_EXACT_PAYMENT_ID,1.0000,"{""gateway_payment_id"": ""pay_00000a""}",[]
L1_ORDER_PAYMENT,order_00002,pay_00002g,R1.1_EXACT_PAYMENT_ID,1.0000,"{""gateway_payment_id"": ""pay_00002g""}",[]
L1_ORDER_PAYMENT,order_00003,pay_00003e,R1.1_EXACT_PAYMENT_ID,1.0000,"{""gateway_payment_id"": ""pay_00003e""}",[]
L1_ORDER_PAYMENT,order_00004,pay_00004d,R1.1_EXACT_PAYMENT_ID,1.0000,"{""gateway_payment_id"": ""pay_00004d""}",[]
L1_ORDER_PAYMENT,order_00005,pay_00005c,R1.1_EXACT_PAYMENT_ID,1.0000,"{""gateway_payment_id"": ""pay_00005c""}",[]
L1_ORDER_PAYMENT,order_00006,pay_00006b,R1.1_EXACT_PAYMENT_ID,1.0000,"{""gateway_payment_id"": ""pay_00006b""}",[]
L1_ORDER_PAYMENT,order_00007,pay_00007b,R1.1_EXACT_PAYMENT_ID,1.0000,"{""gateway_payment_id"": ""pay_00007b""}",[]
L1_ORDER_PAYMENT,order_00008,pay_00008h,R1.1_EXACT_PAYMENT_ID,1.0000,"{""gateway_payment_id"": ""pay_00008h""}",[]
L1_ORDER_PAYMENT,order_00009,pay_00009h,R1.1_EXACT_PAYMENT_ID,1.0000,"{""gateway_payment_id"": ""pay_00009h""}",[]
L1_ORDER_PAYMENT,order_00012,pay_00012g,R1.1_EXACT_PAYMENT_ID,1.0000,"{""gateway_payment_id"": ""pay_00012g""}",[]
L1_ORDER_PAYMENT,order_00015,pay_00015c,R1.1_EXACT_PAYMENT_ID,1.0000,"{""gateway_payment_id"": ""pay_00015c""}",[]
L1_ORDER_PAYMENT,order_00019,pay_00019a,R1.1_EXACT_PAYMENT_ID,1.0000,"{""gateway_payment_id"": ""pay_00019a""}",[]
L1_ORDER_PAYMENT,order_00020,pay_00020b,R1.1_EXACT_PAYMENT_ID,1.0000,"{""gateway_payment_id"": ""pay_00020b""}",[]
L1_ORDER_PAYMENT,order_00022,pay_00022c,R1.1_EXACT_PAYMENT_ID,1.0000,"{""gateway_payment_id"": ""pay_00022c""}",[]
L1_ORDER_PAYMENT,order_00023,pay_00023e,R1.1_EXACT_PAYMENT_ID,1.0000,"{""gateway_payment_id"": ""pay_00023e""}",[]
L1_ORDER_PAYMENT,order_00024,pay_00024f,R1.1_EXACT_PAYMENT_ID,1.0000,"{""gateway_payment_id"": ""pay_00024f""}",[]
L1_ORDER_PAYMENT,order_00025,pay_00025d,R1.1_EXACT_PAYMENT_ID,1.0000,"{""gateway_payment_id"": ""pay_00025d""}",[]
L1_ORDER_PAYMENT,order_00026,pay_00026f,R1.1_EXACT_PAYMENT_ID,1.0000,"{""gateway_payment_id"": ""pay_00026f""}",[]
L1_ORDER_PAYMENT,order_00027,pay_00027d,R1.1_EXACT_PAYMENT_ID,1.0000,"{""gateway_payment_id"": ""pay_00027d""}",[]
L1_ORDER_PAYMENT,order_00028,pay_00028b,R1.1_EXACT_PAYMENT_ID,1.0000,"{""gateway_payment_id"": ""pay_00028b""}",[]
L1_ORDER_PAYMENT,order_00029,pay_00029f,R1.1_EXACT_PAYMENT_ID,1.0000,"{""gateway_payment_id"": ""pay_00029f""}",[]
L1_ORDER_PAYMENT,order_00030,pay_00030c,R1.1_EXACT_PAYMENT_ID,1.0000,"{""gateway_payment_id"": ""pay_00030c""}",[]
L1_ORDER_PAYMENT,order_00032,pay_00032d,R1.1_EXACT_PAYMENT_ID,1.0000,"{""gateway_payment_id"": ""pay_00032d""}",[]
L1_ORDER_PAYMENT,order_00033,pay_00033a,R1.1_EXACT_PAYMENT_ID,1.0000,"{""gateway_payment_id"": ""pay_00033a""}",[]
L1_ORDER_PAYMENT,order_00034,pay_00034c,R1.1_EXACT_PAYMENT_ID,1.0000,"{""gateway_payment_id"": ""pay_00034c""}",[]
L1_ORDER_PAYMENT,order_00036,pay_00036a,R1.1_EXACT_PAYMENT_ID,1.0000,"{""gateway_payment_id"": ""pay_00036a""}",[]
L1_ORDER_PAYMENT,order_00037,pay_00037b,R1.1_EXACT_PAYMENT_ID,1.0000,"{""gateway_payment_id"": ""pay_00037b""}",[]
L1_ORDER_PAYMENT,order_00038,pay_00038h,R1.1_EXACT_PAYMENT_ID,1.0000,"{""gateway_payment_id"": ""pay_00038h""}",[]
L1_ORDER_PAYMENT,order_00039,pay_00039b,R1.1_EXACT_PAYMENT_ID,1.0000,"{""gateway_payment_id"": ""pay_00039b""}",[]
L1_ORDER_PAYMENT,order_00040,pay_00040c,R1.1_EXACT_PAYMENT_ID,1.0000,"{""gateway_payment_id"": ""pay_00040c""}",[]
L1_ORDER_PAYMENT,order_00041,pay_00041b,R1.1_EXACT_PAYMENT_ID,1.0000,"{""gateway_payment_id"": ""pay_00041b""}",[]
L1_ORDER_PAYMENT,order_00042,pay_00042g,R1.1_EXACT_PAYMENT_ID,1.0000,"{""gateway_payment_id"": ""pay_00042g""}",[]
L1_ORDER_PAYMENT,order_00043,pay_00043a,R1.1_EXACT_PAYMENT_ID,1.0000,"{""gateway_payment_id"": ""pay_00043a""}",[]
L1_ORDER_PAYMENT,order_00044,pay_00044b,R1.1_EXACT_PAYMENT_ID,1.0000,"{""gateway_payment_id"": ""pay_00044b""}",[]
L1_ORDER_PAYMENT,order_00045,pay_00045e,R1.1_EXACT_PAYMENT_ID,1.0000,"{""gateway_payment_id"": ""pay_00045e""}",[]
L1_ORDER_PAYMENT,order_00047,pay_00047a,R1.1_EXACT_PAYMENT_ID,1.0000,"{""gateway_payment_id"": ""pay_00047a""}",[]
L1_ORDER_PAYMENT,order_00048,pay_00048f,R1.1_EXACT_PAYMENT_ID,1.0000,"{""gateway_payment_id"": ""pay_00048f""}",[]
L1_ORDER_PAYMENT,order_00049,pay_00049b,R1.1_EXACT_PAYMENT_ID,1.0000,"{""gateway_payment_id"": ""pay_00049b""}",[]
L1_ORDER_PAYMENT,order_00050,pay_00050c,R1.1_EXACT_PAYMENT_ID,1.0000,"{""gateway_payment_id"": ""pay_00050c""}",[]
L1_ORDER_PAYMENT,order_00051,pay_00051d,R1.1_EXACT_PAYMENT_ID,1.0000,"{""gateway_payment_id"": ""pay_00051d""}",[]
L1_ORDER_PAYMENT,order_00052,pay_00052e,R1.1_EXACT_PAYMENT_ID,1.0000,"{""gateway_payment_id"": ""pay_00052e""}",[]
L1_ORDER_PAYMENT,order_00053,pay_00053a,R1.1_EXACT_PAYMENT_ID,1.0000,"{""gateway_payment_id"": ""pay_00053a""}",[]
L1_ORDER_PAYMENT,order_00056,pay_00056e,R1.1_EXACT_PAYMENT_ID,1.0000,"{""gateway_payment_id"": ""pay_00056e""}",[]
L1_ORDER_PAYMENT,order_00057,pay_00057d,R1.1_EXACT_PAYMENT_ID,1.0000,"{""gateway_payment_id"": ""pay_00057d""}",[]
L1_ORDER_PAYMENT,order_00058,pay_00058e,R1.1_EXACT_PAYMENT_ID,1.0000,"{""gateway_payment_id"": ""pay_00058e""}",[]
L1_ORDER_PAYMENT,order_00059,pay_00059h,R1.1_EXACT_PAYMENT_ID,1.0000,"{""gateway_payment_id"": ""pay_00059h""}",[]
L1_ORDER_PAYMENT,order_00060,pay_00060a,R1.1_EXACT_PAYMENT_ID,1.0000,"{""gateway_payment_id"": ""pay_00060a""}",[]
L1_ORDER_PAYMENT,order_00061,pay_00061f,R1.1_EXACT_PAYMENT_ID,1.0000,"{""gateway_payment_id"": ""pay_00061f""}",[]
L1_ORDER_PAYMENT,order_00062,pay_00062h,R1.1_EXACT_PAYMENT_ID,1.0000,"{""gateway_payment_id"": ""pay_00062h""}",[]
L1_ORDER_PAYMENT,order_00063,pay_00063b,R1.1_EXACT_PAYMENT_ID,1.0000,"{""gateway_payment_id"": ""pay_00063b""}",[]
L1_ORDER_PAYMENT,order_00065,pay_00065d,R1.1_EXACT_PAYMENT_ID,1.0000,"{""gateway_payment_id"": ""pay_00065d""}",[]
L1_ORDER_PAYMENT,order_00067,pay_00067h,R1.1_EXACT_PAYMENT_ID,1.0000,"{""gateway_payment_id"": ""pay_00067h""}",[]
L1_ORDER_PAYMENT,order_00068,pay_00068b,R1.1_EXACT_PAYMENT_ID,1.0000,"{""gateway_payment_id"": ""pay_00068b""}",[]
L1_ORDER_PAYMENT,order_00069,pay_00069d,R1.1_EXACT_PAYMENT_ID,1.0000,"{""gateway_payment_id"": ""pay_00069d""}",[]
L1_ORDER_PAYMENT,order_00070,pay_00070b,R1.1_EXACT_PAYMENT_ID,1.0000,"{""gateway_payment_id"": ""pay_00070b""}",[]
L1_ORDER_PAYMENT,order_00074,pay_00074b,R1.1_EXACT_PAYMENT_ID,1.0000,"{""gateway_payment_id"": ""pay_00074b""}",[]
L1_ORDER_PAYMENT,order_00075,pay_00075e,R1.1_EXACT_PAYMENT_ID,1.0000,"{""gateway_payment_id"": ""pay_00075e""}",[]
L1_ORDER_PAYMENT,order_00076,pay_00076g,R1.1_EXACT_PAYMENT_ID,1.0000,"{""gateway_payment_id"": ""pay_00076g""}",[]
L1_ORDER_PAYMENT,order_00078,pay_00078e,R1.1_EXACT_PAYMENT_ID,1.0000,"{""gateway_payment_id"": ""pay_00078e""}",[]
L1_ORDER_PAYMENT,order_00079,pay_00079e,R1.1_EXACT_PAYMENT_ID,1.0000,"{""gateway_payment_id"": ""pay_00079e""}",[]
L1_ORDER_PAYMENT,order_00081,pay_00081h,R1.1_EXACT_PAYMENT_ID,1.0000,"{""gateway_payment_id"": ""pay_00081h""}",[]
L1_ORDER_PAYMENT,order_00082,pay_00082c,R1.1_EXACT_PAYMENT_ID,1.0000,"{""gateway_payment_id"": ""pay_00082c""}",[]
L1_ORDER_PAYMENT,order_00084,pay_00084d,R1.1_EXACT_PAYMENT_ID,1.0000,"{""gateway_payment_id"": ""pay_00084d""}",[]
L1_ORDER_PAYMENT,order_00086,pay_00086h,R1.1_EXACT_PAYMENT_ID,1.0000,"{""gateway_payment_id"": ""pay_00086h""}",[]
L1_ORDER_PAYMENT,order_00087,pay_00087d,R1.1_EXACT_PAYMENT_ID,1.0000,"{""gateway_payment_id"": ""pay_00087d""}",[]
L1_ORDER_PAYMENT,order_00089,pay_00089e,R1.1_EXACT_PAYMENT_ID,1.0000,"{""gateway_payment_id"": ""pay_00089e""}",[]
L1_ORDER_PAYMENT,order_00090,pay_00090d,R1.1_EXACT_PAYMENT_ID,1.0000,"{""gateway_payment_id"": ""pay_00090d""}",[]
L1_ORDER_PAYMENT,order_00091,pay_00091d,R1.1_EXACT_PAYMENT_ID,1.0000,"{""gateway_payment_id"": ""pay_00091d""}",[]
L1_ORDER_PAYMENT,order_00092,pay_00092g,R1.1_EXACT_PAYMENT_ID,1.0000,"{""gateway_payment_id"": ""pay_00092g""}",[]
L1_ORDER_PAYMENT,order_00094,pay_00094e,R1.1_EXACT_PAYMENT_ID,1.0000,"{""gateway_payment_id"": ""pay_00094e""}",[]
L1_ORDER_PAYMENT,order_00096,pay_00096c,R1.1_EXACT_PAYMENT_ID,1.0000,"{""gateway_payment_id"": ""pay_00096c""}",[]
L1_ORDER_PAYMENT,order_00097,pay_00097c,R1.1_EXACT_PAYMENT_ID,1.0000,"{""gateway_payment_id"": ""pay_00097c""}",[]
L1_ORDER_PAYMENT,order_00098,pay_00098f,R1.1_EXACT_PAYMENT_ID,1.0000,"{""gateway_payment_id"": ""pay_00098f""}",[]
L1_ORDER_PAYMENT,order_00100,pay_00100f,R1.1_EXACT_PAYMENT_ID,1.0000,"{""gateway_payment_id"": ""pay_00100f""}",[]
L1_ORDER_PAYMENT,order_00102,pay_00102b,R1.1_EXACT_PAYMENT_ID,1.0000,"{""gateway_payment_id"": ""pay_00102b""}",[]
L1_ORDER_PAYMENT,order_00103,pay_00103e,R1.1_EXACT_PAYMENT_ID,1.0000,"{""gateway_payment_id"": ""pay_00103e""}",[]
L1_ORDER_PAYMENT,order_00105,pay_00105g,R1.1_EXACT_PAYMENT_ID,1.0000,"{""gateway_payment_id"": ""pay_00105g""}",[]
L1_ORDER_PAYMENT,order_00106,pay_00106f,R1.1_EXACT_PAYMENT_ID,1.0000,"{""gateway_payment_id"": ""pay_00106f""}",[]
L1_ORDER_PAYMENT,order_00108,pay_00108b,R1.1_EXACT_PAYMENT_ID,1.0000,"{""gateway_payment_id"": ""pay_00108b""}",[]
L1_ORDER_PAYMENT,order_00109,pay_00109d,R1.1_EXACT_PAYMENT_ID,1.0000,"{""gateway_payment_id"": ""pay_00109d""}",[]
L1_ORDER_PAYMENT,order_00110,pay_00110f,R1.1_EXACT_PAYMENT_ID,1.0000,"{""gateway_payment_id"": ""pay_00110f""}",[]
L1_ORDER_PAYMENT,order_00111,pay_00111d,R1.1_EXACT_PAYMENT_ID,1.0000,"{""gateway_payment_id"": ""pay_00111d""}",[]
L1_ORDER_PAYMENT,order_00112,pay_00112a,R1.1_EXACT_PAYMENT_ID,1.0000,"{""gateway_payment_id"": ""pay_00112a""}",[]
L1_ORDER_PAYMENT,order_00113,pay_00113a,R1.1_EXACT_PAYMENT_ID,1.0000,"{""gateway_payment_id"": ""pay_00113a""}",[]
L1_ORDER_PAYMENT,order_00116,pay_00116f,R1.1_EXACT_PAYMENT_ID,1.0000,"{""gateway_payment_id"": ""pay_00116f""}",[]
L1_ORDER_PAYMENT,order_00118,pay_00118b,R1.1_EXACT_PAYMENT_ID,1.0000,"{""gateway_payment_id"": ""pay_00118b""}",[]
L1_ORDER_PAYMENT,order_00119,pay_00119f,R1.1_EXACT_PAYMENT_ID,1.0000,"{""gateway_payment_id"": ""pay_00119f""}",[]
L1_ORDER_PAYMENT,order_00120,pay_00120a,R1.1_EXACT_PAYMENT_ID,1.0000,"{""gateway_payment_id"": ""pay_00120a""}",[]
L1_ORDER_PAYMENT,order_00122,pay_00122g,R1.1_EXACT_PAYMENT_ID,1.0000,"{""gateway_payment_id"": ""pay_00122g""}",[]
L1_ORDER_PAYMENT,order_00123,pay_00123c,R1.1_EXACT_PAYMENT_ID,1.0000,"{""gateway_payment_id"": ""pay_00123c""}",[]
L1_ORDER_PAYMENT,order_00124,pay_00124h,R1.1_EXACT_PAYMENT_ID,1.0000,"{""gateway_payment_id"": ""pay_00124h""}",[]
L1_ORDER_PAYMENT,order_00125,pay_00125d,R1.1_EXACT_PAYMENT_ID,1.0000,"{""gateway_payment_id"": ""pay_00125d""}",[]
L1_ORDER_PAYMENT,order_00128,pay_00128f,R1.1_EXACT_PAYMENT_ID,1.0000,"{""gateway_payment_id"": ""pay_00128f""}",[]
L1_ORDER_PAYMENT,order_00130,pay_00130h,R1.1_EXACT_PAYMENT_ID,1.0000,"{""gateway_payment_id"": ""pay_00130h""}",[]
L1_ORDER_PAYMENT,order_00132,pay_00132b,R1.1_EXACT_PAYMENT_ID,1.0000,"{""gateway_payment_id"": ""pay_00132b""}",[]
L1_ORDER_PAYMENT,order_00133,pay_00133b,R1.1_EXACT_PAYMENT_ID,1.0000,"{""gateway_payment_id"": ""pay_00133b""}",[]
L1_ORDER_PAYMENT,order_00134,pay_00134e,R1.1_EXACT_PAYMENT_ID,1.0000,"{""gateway_payment_id"": ""pay_00134e""}",[]
L1_ORDER_PAYMENT,order_00135,pay_00135h,R1.1_EXACT_PAYMENT_ID,1.0000,"{""gateway_payment_id"": ""pay_00135h""}",[]
L1_ORDER_PAYMENT,order_00136,pay_00136c,R1.1_EXACT_PAYMENT_ID,1.0000,"{""gateway_payment_id"": ""pay_00136c""}",[]
L1_ORDER_PAYMENT,order_00138,pay_00138h,R1.1_EXACT_PAYMENT_ID,1.0000,"{""gateway_payment_id"": ""pay_00138h""}",[]
L1_ORDER_PAYMENT,order_00139,pay_00139f,R1.1_EXACT_PAYMENT_ID,1.0000,"{""gateway_payment_id"": ""pay_00139f""}",[]
L1_ORDER_PAYMENT,order_00140,pay_00140c,R1.1_EXACT_PAYMENT_ID,1.0000,"{""gateway_payment_id"": ""pay_00140c""}",[]
L1_ORDER_PAYMENT,order_00141,pay_00141a,R1.1_EXACT_PAYMENT_ID,1.0000,"{""gateway_payment_id"": ""pay_00141a""}",[]
L1_ORDER_PAYMENT,order_00142,pay_00142a,R1.1_EXACT_PAYMENT_ID,1.0000,"{""gateway_payment_id"": ""pay_00142a""}",[]
L1_ORDER_PAYMENT,order_00143,pay_00143e,R1.1_EXACT_PAYMENT_ID,1.0000,"{""gateway_payment_id"": ""pay_00143e""}",[]
L1_ORDER_PAYMENT,order_00145,pay_00145a,R1.1_EXACT_PAYMENT_ID,1.0000,"{""gateway_payment_id"": ""pay_00145a""}",[]
L1_ORDER_PAYMENT,order_00147,pay_00147b,R1.1_EXACT_PAYMENT_ID,1.0000,"{""gateway_payment_id"": ""pay_00147b""}",[]
L1_ORDER_PAYMENT,order_00148,pay_00148g,R1.1_EXACT_PAYMENT_ID,1.0000,"{""gateway_payment_id"": ""pay_00148g""}",[]
L1_ORDER_PAYMENT,order_00149,pay_00149a,R1.1_EXACT_PAYMENT_ID,1.0000,"{""gateway_payment_id"": ""pay_00149a""}",[]
L1_ORDER_PAYMENT,order_00150,pay_00150e,R1.1_EXACT_PAYMENT_ID,1.0000,"{""gateway_payment_id"": ""pay_00150e""}",[]
L1_ORDER_PAYMENT,order_00151,pay_00151e,R1.1_EXACT_PAYMENT_ID,1.0000,"{""gateway_payment_id"": ""pay_00151e""}",[]
L1_ORDER_PAYMENT,order_00152,pay_00152d,R1.1_EXACT_PAYMENT_ID,1.0000,"{""gateway_payment_id"": ""pay_00152d""}",[]
L1_ORDER_PAYMENT,order_00154,pay_00154e,R1.1_EXACT_PAYMENT_ID,1.0000,"{""gateway_payment_id"": ""pay_00154e""}",[]
L1_ORDER_PAYMENT,order_00157,pay_00157b,R1.1_EXACT_PAYMENT_ID,1.0000,"{""gateway_payment_id"": ""pay_00157b""}",[]
L1_ORDER_PAYMENT,order_00158,pay_00158a,R1.1_EXACT_PAYMENT_ID,1.0000,"{""gateway_payment_id"": ""pay_00158a""}",[]
L1_ORDER_PAYMENT,order_00159,pay_00159d,R1.1_EXACT_PAYMENT_ID,1.0000,"{""gateway_payment_id"": ""pay_00159d""}",[]
L1_ORDER_PAYMENT,order_00160,pay_00160f,R1.1_EXACT_PAYMENT_ID,1.0000,"{""gateway_payment_id"": ""pay_00160f""}",[]
L1_ORDER_PAYMENT,order_00161,pay_00161a,R1.1_EXACT_PAYMENT_ID,1.0000,"{""gateway_payment_id"": ""pay_00161a""}",[]
L1_ORDER_PAYMENT,order_00162,pay_00162e,R1.1_EXACT_PAYMENT_ID,1.0000,"{""gateway_payment_id"": ""pay_00162e""}",[]
L1_ORDER_PAYMENT,order_00164,pay_00164e,R1.1_EXACT_PAYMENT_ID,1.0000,"{""gateway_payment_id"": ""pay_00164e""}",[]
L1_ORDER_PAYMENT,order_00165,pay_00165b,R1.1_EXACT_PAYMENT_ID,1.0000,"{""gateway_payment_id"": ""pay_00165b""}",[]
L1_ORDER_PAYMENT,order_00166,pay_00166g,R1.1_EXACT_PAYMENT_ID,1.0000,"{""gateway_payment_id"": ""pay_00166g""}",[]
L1_ORDER_PAYMENT,order_00167,pay_00167c,R1.1_EXACT_PAYMENT_ID,1.0000,"{""gateway_payment_id"": ""pay_00167c""}",[]
L1_ORDER_PAYMENT,order_00168,pay_00168f,R1.1_EXACT_PAYMENT_ID,1.0000,"{""gateway_payment_id"": ""pay_00168f""}",[]
L1_ORDER_PAYMENT,order_00169,pay_00169e,R1.1_EXACT_PAYMENT_ID,1.0000,"{""gateway_payment_id"": ""pay_00169e""}",[]
L1_ORDER_PAYMENT,order_00170,pay_00170c,R1.1_EXACT_PAYMENT_ID,1.0000,"{""gateway_payment_id"": ""pay_00170c""}",[]
L1_ORDER_PAYMENT,order_00171,pay_00171d,R1.1_EXACT_PAYMENT_ID,1.0000,"{""gateway_payment_id"": ""pay_00171d""}",[]
L1_ORDER_PAYMENT,order_00172,pay_00172c,R1.1_EXACT_PAYMENT_ID,1.0000,"{""gateway_payment_id"": ""pay_00172c""}",[]
L1_ORDER_PAYMENT,order_00173,pay_00173g,R1.1_EXACT_PAYMENT_ID,1.0000,"{""gateway_payment_id"": ""pay_00173g""}",[]
L1_ORDER_PAYMENT,order_00175,pay_00175d,R1.1_EXACT_PAYMENT_ID,1.0000,"{""gateway_payment_id"": ""pay_00175d""}",[]
L1_ORDER_PAYMENT,order_00176,pay_00176d,R1.1_EXACT_PAYMENT_ID,1.0000,"{""gateway_payment_id"": ""pay_00176d""}",[]
L1_ORDER_PAYMENT,order_00178,pay_00178f,R1.1_EXACT_PAYMENT_ID,1.0000,"{""gateway_payment_id"": ""pay_00178f""}",[]
L1_ORDER_PAYMENT,order_00179,pay_00179d,R1.1_EXACT_PAYMENT_ID,1.0000,"{""gateway_payment_id"": ""pay_00179d""}",[]
L1_ORDER_PAYMENT,order_00180,pay_00180f,R1.1_EXACT_PAYMENT_ID,1.0000,"{""gateway_payment_id"": ""pay_00180f""}",[]
L1_ORDER_PAYMENT,order_00181,pay_00181b,R1.1_EXACT_PAYMENT_ID,1.0000,"{""gateway_payment_id"": ""pay_00181b""}",[]
L1_ORDER_PAYMENT,order_00183,pay_00183f,R1.1_EXACT_PAYMENT_ID,1.0000,"{""gateway_payment_id"": ""pay_00183f""}",[]
L1_ORDER_PAYMENT,order_00184,pay_00184c,R1.1_EXACT_PAYMENT_ID,1.0000,"{""gateway_payment_id"": ""pay_00184c""}",[]
L1_ORDER_PAYMENT,order_00185,pay_00185c,R1.1_EXACT_PAYMENT_ID,1.0000,"{""gateway_payment_id"": ""pay_00185c""}",[]
L1_ORDER_PAYMENT,order_00186,pay_00186h,R1.1_EXACT_PAYMENT_ID,1.0000,"{""gateway_payment_id"": ""pay_00186h""}",[]
L1_ORDER_PAYMENT,order_00187,pay_00187e,R1.1_EXACT_PAYMENT_ID,1.0000,"{""gateway_payment_id"": ""pay_00187e""}",[]
L1_ORDER_PAYMENT,order_00188,pay_00188f,R1.1_EXACT_PAYMENT_ID,1.0000,"{""gateway_payment_id"": ""pay_00188f""}",[]
L1_ORDER_PAYMENT,order_00190,pay_00190d,R1.1_EXACT_PAYMENT_ID,1.0000,"{""gateway_payment_id"": ""pay_00190d""}",[]
L1_ORDER_PAYMENT,order_00191,pay_00191b,R1.1_EXACT_PAYMENT_ID,1.0000,"{""gateway_payment_id"": ""pay_00191b""}",[]
L1_ORDER_PAYMENT,order_00192,pay_00192h,R1.1_EXACT_PAYMENT_ID,1.0000,"{""gateway_payment_id"": ""pay_00192h""}",[]
L1_ORDER_PAYMENT,order_00193,pay_00193h,R1.1_EXACT_PAYMENT_ID,1.0000,"{""gateway_payment_id"": ""pay_00193h""}",[]
L1_ORDER_PAYMENT,order_00194,pay_00194f,R1.1_EXACT_PAYMENT_ID,1.0000,"{""gateway_payment_id"": ""pay_00194f""}",[]
L1_ORDER_PAYMENT,order_00195,pay_00195b,R1.1_EXACT_PAYMENT_ID,1.0000,"{""gateway_payment_id"": ""pay_00195b""}",[]
L1_ORDER_PAYMENT,order_00196,pay_00196b,R1.1_EXACT_PAYMENT_ID,1.0000,"{""gateway_payment_id"": ""pay_00196b""}",[]
L1_ORDER_PAYMENT,order_00197,pay_00197f,R1.1_EXACT_PAYMENT_ID,1.0000,"{""gateway_payment_id"": ""pay_00197f""}",[]
L1_ORDER_PAYMENT,order_00198,pay_00198e,R1.1_EXACT_PAYMENT_ID,1.0000,"{""gateway_payment_id"": ""pay_00198e""}",[]
L1_ORDER_PAYMENT,order_00199,pay_00199f,R1.1_EXACT_PAYMENT_ID,1.0000,"{""gateway_payment_id"": ""pay_00199f""}",[]
L1_ORDER_PAYMENT,order_00201,pay_00201g,R1.1_EXACT_PAYMENT_ID,1.0000,"{""gateway_payment_id"": ""pay_00201g""}",[]
L1_ORDER_PAYMENT,order_00202,pay_00202a,R1.1_EXACT_PAYMENT_ID,1.0000,"{""gateway_payment_id"": ""pay_00202a""}",[]
L1_ORDER_PAYMENT,order_00203,pay_00203h,R1.1_EXACT_PAYMENT_ID,1.0000,"{""gateway_payment_id"": ""pay_00203h""}",[]
L1_ORDER_PAYMENT,order_00204,pay_00204a,R1.1_EXACT_PAYMENT_ID,1.0000,"{""gateway_payment_id"": ""pay_00204a""}",[]
L1_ORDER_PAYMENT,order_00205,pay_00205a,R1.1_EXACT_PAYMENT_ID,1.0000,"{""gateway_payment_id"": ""pay_00205a""}",[]
L1_ORDER_PAYMENT,order_00207,pay_00207g,R1.1_EXACT_PAYMENT_ID,1.0000,"{""gateway_payment_id"": ""pay_00207g""}",[]
L1_ORDER_PAYMENT,order_00209,pay_00209b,R1.1_EXACT_PAYMENT_ID,1.0000,"{""gateway_payment_id"": ""pay_00209b""}",[]
L1_ORDER_PAYMENT,order_00210,pay_00210f,R1.1_EXACT_PAYMENT_ID,1.0000,"{""gateway_payment_id"": ""pay_00210f""}",[]
L1_ORDER_PAYMENT,order_00212,pay_00212e,R1.1_EXACT_PAYMENT_ID,1.0000,"{""gateway_payment_id"": ""pay_00212e""}",[]
L1_ORDER_PAYMENT,order_00213,pay_00213h,R1.1_EXACT_PAYMENT_ID,1.0000,"{""gateway_payment_id"": ""pay_00213h""}",[]
L1_ORDER_PAYMENT,order_00214,pay_00214g,R1.1_EXACT_PAYMENT_ID,1.0000,"{""gateway_payment_id"": ""pay_00214g""}",[]
L1_ORDER_PAYMENT,order_00216,pay_00216e,R1.1_EXACT_PAYMENT_ID,1.0000,"{""gateway_payment_id"": ""pay_00216e""}",[]
L1_ORDER_PAYMENT,order_00217,pay_00217e,R1.1_EXACT_PAYMENT_ID,1.0000,"{""gateway_payment_id"": ""pay_00217e""}",[]
L1_ORDER_PAYMENT,order_00218,pay_00218c,R1.1_EXACT_PAYMENT_ID,1.0000,"{""gateway_payment_id"": ""pay_00218c""}",[]
L1_ORDER_PAYMENT,order_00219,pay_00219h,R1.1_EXACT_PAYMENT_ID,1.0000,"{""gateway_payment_id"": ""pay_00219h""}",[]
L1_ORDER_PAYMENT,order_00220,pay_00220h,R1.1_EXACT_PAYMENT_ID,1.0000,"{""gateway_payment_id"": ""pay_00220h""}",[]
L1_ORDER_PAYMENT,order_00221,pay_00221f,R1.1_EXACT_PAYMENT_ID,1.0000,"{""gateway_payment_id"": ""pay_00221f""}",[]
L1_ORDER_PAYMENT,order_00222,pay_00222d,R1.1_EXACT_PAYMENT_ID,1.0000,"{""gateway_payment_id"": ""pay_00222d""}",[]
L1_ORDER_PAYMENT,order_00223,pay_00223c,R1.1_EXACT_PAYMENT_ID,1.0000,"{""gateway_payment_id"": ""pay_00223c""}",[]
L1_ORDER_PAYMENT,order_00224,pay_00224c,R1.1_EXACT_PAYMENT_ID,1.0000,"{""gateway_payment_id"": ""pay_00224c""}",[]
L1_ORDER_PAYMENT,order_00225,pay_00225h,R1.1_EXACT_PAYMENT_ID,1.0000,"{""gateway_payment_id"": ""pay_00225h""}",[]
L1_ORDER_PAYMENT,order_00226,pay_00226c,R1.1_EXACT_PAYMENT_ID,1.0000,"{""gateway_payment_id"": ""pay_00226c""}",[]
L1_ORDER_PAYMENT,order_00228,pay_00228b,R1.1_EXACT_PAYMENT_ID,1.0000,"{""gateway_payment_id"": ""pay_00228b""}",[]
L1_ORDER_PAYMENT,order_00229,pay_00229g,R1.1_EXACT_PAYMENT_ID,1.0000,"{""gateway_payment_id"": ""pay_00229g""}",[]
L1_ORDER_PAYMENT,order_00231,pay_00231h,R1.1_EXACT_PAYMENT_ID,1.0000,"{""gateway_payment_id"": ""pay_00231h""}",[]
L1_ORDER_PAYMENT,order_00232,pay_00232b,R1.1_EXACT_PAYMENT_ID,1.0000,"{""gateway_payment_id"": ""pay_00232b""}",[]
L1_ORDER_PAYMENT,order_00233,pay_00233c,R1.1_EXACT_PAYMENT_ID,1.0000,"{""gateway_payment_id"": ""pay_00233c""}",[]
L1_ORDER_PAYMENT,order_00235,pay_00235c,R1.1_EXACT_PAYMENT_ID,1.0000,"{""gateway_payment_id"": ""pay_00235c""}",[]
L1_ORDER_PAYMENT,order_00236,pay_00236f,R1.1_EXACT_PAYMENT_ID,1.0000,"{""gateway_payment_id"": ""pay_00236f""}",[]
L1_ORDER_PAYMENT,order_00237,pay_00237h,R1.1_EXACT_PAYMENT_ID,1.0000,"{""gateway_payment_id"": ""pay_00237h""}",[]
L1_ORDER_PAYMENT,order_00238,pay_00238e,R1.1_EXACT_PAYMENT_ID,1.0000,"{""gateway_payment_id"": ""pay_00238e""}",[]
L1_ORDER_PAYMENT,order_00241,pay_00241d,R1.1_EXACT_PAYMENT_ID,1.0000,"{""gateway_payment_id"": ""pay_00241d""}",[]
L1_ORDER_PAYMENT,order_00242,pay_00242a,R1.1_EXACT_PAYMENT_ID,1.0000,"{""gateway_payment_id"": ""pay_00242a""}",[]
L1_ORDER_PAYMENT,order_00243,pay_00243f,R1.1_EXACT_PAYMENT_ID,1.0000,"{""gateway_payment_id"": ""pay_00243f""}",[]
L1_ORDER_PAYMENT,order_00244,pay_00244d,R1.1_EXACT_PAYMENT_ID,1.0000,"{""gateway_payment_id"": ""pay_00244d""}",[]
L1_ORDER_PAYMENT,order_00245,pay_00245c,R1.1_EXACT_PAYMENT_ID,1.0000,"{""gateway_payment_id"": ""pay_00245c""}",[]
L1_ORDER_PAYMENT,order_00247,pay_00247f,R1.1_EXACT_PAYMENT_ID,1.0000,"{""gateway_payment_id"": ""pay_00247f""}",[]
L1_ORDER_PAYMENT,order_00248,pay_00248h,R1.1_EXACT_PAYMENT_ID,1.0000,"{""gateway_payment_id"": ""pay_00248h""}",[]
L1_ORDER_PAYMENT,order_00249,pay_00249a,R1.1_EXACT_PAYMENT_ID,1.0000,"{""gateway_payment_id"": ""pay_00249a""}",[]
L1_ORDER_PAYMENT,order_00250,pay_00250f,R1.1_EXACT_PAYMENT_ID,1.0000,"{""gateway_payment_id"": ""pay_00250f""}",[]
L1_ORDER_PAYMENT,order_00251,pay_00251h,R1.1_EXACT_PAYMENT_ID,1.0000,"{""gateway_payment_id"": ""pay_00251h""}",[]
L1_ORDER_PAYMENT,order_00252,pay_00252c,R1.1_EXACT_PAYMENT_ID,1.0000,"{""gateway_payment_id"": ""pay_00252c""}",[]
L1_ORDER_PAYMENT,order_00253,pay_00253h,R1.1_EXACT_PAYMENT_ID,1.0000,"{""gateway_payment_id"": ""pay_00253h""}",[]
L1_ORDER_PAYMENT,order_00254,pay_00254e,R1.1_EXACT_PAYMENT_ID,1.0000,"{""gateway_payment_id"": ""pay_00254e""}",[]
L1_ORDER_PAYMENT,order_00255,pay_00255h,R1.1_EXACT_PAYMENT_ID,1.0000,"{""gateway_payment_id"": ""pay_00255h""}",[]
L1_ORDER_PAYMENT,order_00257,pay_00257d,R1.1_EXACT_PAYMENT_ID,1.0000,"{""gateway_payment_id"": ""pay_00257d""}",[]
L1_ORDER_PAYMENT,order_00258,pay_00258a,R1.1_EXACT_PAYMENT_ID,1.0000,"{""gateway_payment_id"": ""pay_00258a""}",[]
L1_ORDER_PAYMENT,order_00260,pay_00260g,R1.1_EXACT_PAYMENT_ID,1.0000,"{""gateway_payment_id"": ""pay_00260g""}",[]
L1_ORDER_PAYMENT,order_00266,pay_00266c,R1.1_EXACT_PAYMENT_ID,1.0000,"{""gateway_payment_id"": ""pay_00266c""}",[]
L1_ORDER_PAYMENT,order_00267,pay_00267e,R1.1_EXACT_PAYMENT_ID,1.0000,"{""gateway_payment_id"": ""pay_00267e""}",[]
L1_ORDER_PAYMENT,order_00268,pay_00268e,R1.1_EXACT_PAYMENT_ID,1.0000,"{""gateway_payment_id"": ""pay_00268e""}",[]
L1_ORDER_PAYMENT,order_00269,pay_00269g,R1.1_EXACT_PAYMENT_ID,1.0000,"{""gateway_payment_id"": ""pay_00269g""}",[]
L1_ORDER_PAYMENT,order_00271,pay_00271f,R1.1_EXACT_PAYMENT_ID,1.0000,"{""gateway_payment_id"": ""pay_00271f""}",[]
L1_ORDER_PAYMENT,order_00274,pay_00274b,R1.1_EXACT_PAYMENT_ID,1.0000,"{""gateway_payment_id"": ""pay_00274b""}",[]
L1_ORDER_PAYMENT,order_00275,pay_00275e,R1.1_EXACT_PAYMENT_ID,1.0000,"{""gateway_payment_id"": ""pay_00275e""}",[]
L1_ORDER_PAYMENT,order_00276,pay_00276g,R1.1_EXACT_PAYMENT_ID,1.0000,"{""gateway_payment_id"": ""pay_00276g""}",[]
L1_ORDER_PAYMENT,order_00277,pay_00277e,R1.1_EXACT_PAYMENT_ID,1.0000,"{""gateway_payment_id"": ""pay_00277e""}",[]
L1_ORDER_PAYMENT,order_00278,pay_00278d,R1.1_EXACT_PAYMENT_ID,1.0000,"{""gateway_payment_id"": ""pay_00278d""}",[]
L1_ORDER_PAYMENT,order_00279,pay_00279h,R1.1_EXACT_PAYMENT_ID,1.0000,"{""gateway_payment_id"": ""pay_00279h""}",[]
L1_ORDER_PAYMENT,order_00280,pay_00280g,R1.1_EXACT_PAYMENT_ID,1.0000,"{""gateway_payment_id"": ""pay_00280g""}",[]
L1_ORDER_PAYMENT,order_00281,pay_00281b,R1.1_EXACT_PAYMENT_ID,1.0000,"{""gateway_payment_id"": ""pay_00281b""}",[]
L1_ORDER_PAYMENT,order_00282,pay_00282h,R1.1_EXACT_PAYMENT_ID,1.0000,"{""gateway_payment_id"": ""pay_00282h""}",[]
L1_ORDER_PAYMENT,order_00283,pay_00283b,R1.1_EXACT_PAYMENT_ID,1.0000,"{""gateway_payment_id"": ""pay_00283b""}",[]
L1_ORDER_PAYMENT,order_00284,pay_00284d,R1.1_EXACT_PAYMENT_ID,1.0000,"{""gateway_payment_id"": ""pay_00284d""}",[]
L1_ORDER_PAYMENT,order_00285,pay_00285a,R1.1_EXACT_PAYMENT_ID,1.0000,"{""gateway_payment_id"": ""pay_00285a""}",[]
L1_ORDER_PAYMENT,order_00286,pay_00286a,R1.1_EXACT_PAYMENT_ID,1.0000,"{""gateway_payment_id"": ""pay_00286a""}",[]
L1_ORDER_PAYMENT,order_00287,pay_00287b,R1.1_EXACT_PAYMENT_ID,1.0000,"{""gateway_payment_id"": ""pay_00287b""}",[]
L1_ORDER_PAYMENT,order_00288,pay_00288h,R1.1_EXACT_PAYMENT_ID,1.0000,"{""gateway_payment_id"": ""pay_00288h""}",[]
L1_ORDER_PAYMENT,order_00289,pay_00289d,R1.1_EXACT_PAYMENT_ID,1.0000,"{""gateway_payment_id"": ""pay_00289d""}",[]
L1_ORDER_PAYMENT,order_00290,pay_00290g,R1.1_EXACT_PAYMENT_ID,1.0000,"{""gateway_payment_id"": ""pay_00290g""}",[]
L1_ORDER_PAYMENT,order_00291,pay_00291d,R1.1_EXACT_PAYMENT_ID,1.0000,"{""gateway_payment_id"": ""pay_00291d""}",[]
L1_ORDER_PAYMENT,order_00292,pay_00292e,R1.1_EXACT_PAYMENT_ID,1.0000,"{""gateway_payment_id"": ""pay_00292e""}",[]
L1_ORDER_PAYMENT,order_00293,pay_00293g,R1.1_EXACT_PAYMENT_ID,1.0000,"{""gateway_payment_id"": ""pay_00293g""}",[]
L1_ORDER_PAYMENT,order_00294,pay_00294c,R1.1_EXACT_PAYMENT_ID,1.0000,"{""gateway_payment_id"": ""pay_00294c""}",[]
L1_ORDER_PAYMENT,order_00296,pay_00296f,R1.1_EXACT_PAYMENT_ID,1.0000,"{""gateway_payment_id"": ""pay_00296f""}",[]
L1_ORDER_PAYMENT,order_00298,pay_00298h,R1.1_EXACT_PAYMENT_ID,1.0000,"{""gateway_payment_id"": ""pay_00298h""}",[]
L1_ORDER_PAYMENT,order_00299,pay_00299d,R1.1_EXACT_PAYMENT_ID,1.0000,"{""gateway_payment_id"": ""pay_00299d""}",[]
L1_ORDER_PAYMENT,order_00001,pay_00001b,R1.2_EXACT_ORDER_REF,1.0000,"{""order_ref"": ""order_00001""}",[]
L1_ORDER_PAYMENT,order_00016,pay_00016g,R1.2_EXACT_ORDER_REF,1.0000,"{""order_ref"": ""order_00016""}",[]
L1_ORDER_PAYMENT,order_00031,pay_00031f,R1.2_EXACT_ORDER_REF,1.0000,"{""order_ref"": ""order_00031""}",[]
L1_ORDER_PAYMENT,order_00035,pay_00035h,R1.2_EXACT_ORDER_REF,1.0000,"{""order_ref"": ""order_00035""}",[]
L1_ORDER_PAYMENT,order_00054,pay_00054e,R1.2_EXACT_ORDER_REF,1.0000,"{""order_ref"": ""order_00054""}",[]
L1_ORDER_PAYMENT,order_00073,pay_00073b,R1.2_EXACT_ORDER_REF,1.0000,"{""order_ref"": ""order_00073""}",[]
L1_ORDER_PAYMENT,order_00083,pay_00083d,R1.2_EXACT_ORDER_REF,1.0000,"{""order_ref"": ""order_00083""}",[]
L1_ORDER_PAYMENT,order_00093,pay_00093g,R1.2_EXACT_ORDER_REF,1.0000,"{""order_ref"": ""order_00093""}",[]
L1_ORDER_PAYMENT,order_00095,pay_00095d,R1.2_EXACT_ORDER_REF,1.0000,"{""order_ref"": ""order_00095""}",[]
L1_ORDER_PAYMENT,order_00099,pay_00099e,R1.2_EXACT_ORDER_REF,1.0000,"{""order_ref"": ""order_00099""}",[]
L1_ORDER_PAYMENT,order_00107,pay_00107c,R1.2_EXACT_ORDER_REF,1.0000,"{""order_ref"": ""order_00107""}",[]
L1_ORDER_PAYMENT,order_00114,pay_00114e,R1.2_EXACT_ORDER_REF,1.0000,"{""order_ref"": ""order_00114""}",[]
L1_ORDER_PAYMENT,order_00115,pay_00115c,R1.2_EXACT_ORDER_REF,1.0000,"{""order_ref"": ""order_00115""}",[]
L1_ORDER_PAYMENT,order_00129,pay_00129f,R1.2_EXACT_ORDER_REF,1.0000,"{""order_ref"": ""order_00129""}",[]
L1_ORDER_PAYMENT,order_00131,pay_00131h,R1.2_EXACT_ORDER_REF,1.0000,"{""order_ref"": ""order_00131""}",[]
L1_ORDER_PAYMENT,order_00144,pay_00144d,R1.2_EXACT_ORDER_REF,1.0000,"{""order_ref"": ""order_00144""}",[]
L1_ORDER_PAYMENT,order_00146,pay_00146d,R1.2_EXACT_ORDER_REF,1.0000,"{""order_ref"": ""order_00146""}",[]
L1_ORDER_PAYMENT,order_00153,pay_00153h,R1.2_EXACT_ORDER_REF,1.0000,"{""order_ref"": ""order_00153""}",[]
L1_ORDER_PAYMENT,order_00174,pay_00174c,R1.2_EXACT_ORDER_REF,1.0000,"{""order_ref"": ""order_00174""}",[]
L1_ORDER_PAYMENT,order_00189,pay_00189f,R1.2_EXACT_ORDER_REF,1.0000,"{""order_ref"": ""order_00189""}",[]
L1_ORDER_PAYMENT,order_00211,pay_00211e,R1.2_EXACT_ORDER_REF,1.0000,"{""order_ref"": ""order_00211""}",[]
L1_ORDER_PAYMENT,order_00230,pay_00230f,R1.2_EXACT_ORDER_REF,1.0000,"{""order_ref"": ""order_00230""}",[]
L1_ORDER_PAYMENT,order_00239,pay_00239h,R1.2_EXACT_ORDER_REF,1.0000,"{""order_ref"": ""order_00239""}",[]
L1_ORDER_PAYMENT,order_00259,pay_00259a,R1.2_EXACT_ORDER_REF,1.0000,"{""order_ref"": ""order_00259""}",[]
L1_ORDER_PAYMENT,order_00261,pay_00261e,R1.2_EXACT_ORDER_REF,1.0000,"{""order_ref"": ""order_00261""}",[]
L1_ORDER_PAYMENT,order_00270,pay_00270e,R1.2_EXACT_ORDER_REF,1.0000,"{""order_ref"": ""order_00270""}",[]
L1_ORDER_PAYMENT,order_00010,pay_00010h,R1.4_AMOUNT_DATE_ASSIGNMENT,0.8800,"{""amount_paise"": 1429591, ""date_gap_days"": 0, ""equally_good_alternatives"": 1}",[]
L1_ORDER_PAYMENT,order_00072,pay_00072c,R1.4_AMOUNT_DATE_ASSIGNMENT,0.8800,"{""amount_paise"": 3801151, ""date_gap_days"": 0, ""equally_good_alternatives"": 1}",[]
L1_ORDER_PAYMENT,order_00156,pay_00156c,R1.4_AMOUNT_DATE_ASSIGNMENT,0.8800,"{""amount_paise"": 1377271, ""date_gap_days"": 0, ""equally_good_alternatives"": 1}",[]
L1_ORDER_PAYMENT,order_00208,pay_00208b,R1.4_AMOUNT_DATE_ASSIGNMENT,0.8800,"{""amount_paise"": 3479505, ""date_gap_days"": 0, ""equally_good_alternatives"": 1}",[]
L1_ORDER_PAYMENT,order_00272,pay_00272c,R1.4_AMOUNT_DATE_ASSIGNMENT,0.8800,"{""amount_paise"": 936307, ""date_gap_days"": 0, ""equally_good_alternatives"": 1}",[]
L1_ORDER_PAYMENT,order_00295,pay_00295f,R1.4_AMOUNT_DATE_ASSIGNMENT,0.8800,"{""amount_paise"": 4497323, ""date_gap_days"": 0, ""equally_good_alternatives"": 1}",[]
L3_SETTLEMENT_BANK,setl_0000,bank_00001,R3.2_UTR_MATCH,0.9900,"{""narration"": ""NEFT CR-GATEWAYPAY-UTR287021343286-SETTLEMENT"", ""amount_paise"": 16641760, ""date_gap_days"": 3, ""contested_by"": 0}",[]
L3_SETTLEMENT_BANK,setl_0001,bank_00002,R3.2_UTR_MATCH,0.9900,"{""narration"": ""NEFT CR-GATEWAYPAY-UTR952444100145-SETTLEMENT"", ""amount_paise"": 19073412, ""date_gap_days"": 2, ""contested_by"": 0}",[]
L3_SETTLEMENT_BANK,setl_0004,bank_00004,R3.2_UTR_MATCH,0.9900,"{""narration"": ""NEFT CR-GATEWAYPAY-UTR249067261630-SETTLEMENT"", ""amount_paise"": 14768516, ""date_gap_days"": 2, ""contested_by"": 0}",[]
L3_SETTLEMENT_BANK,setl_0005,bank_00005,R3.1_SETTLEMENT_ID_IN_NARRATION,0.9900,"{""narration"": ""NEFT CR-GATEWAYPAY-SETL_0005-UTR322789080679-SETTLEMENT"", ""amount_paise"": 28146691, ""date_gap_days"": 0, ""contested_by"": 0}",[]
L3_SETTLEMENT_BANK,setl_0006,bank_00006,R3.1_SETTLEMENT_ID_IN_NARRATION,0.9900,"{""narration"": ""NEFT CR-GATEWAYPAY-SETL_0006-UTR490287004565-SETTLEMENT"", ""amount_paise"": 23031330, ""date_gap_days"": 0, ""contested_by"": 0}",[]
L3_SETTLEMENT_BANK,setl_0007,bank_00007,R3.2_UTR_MATCH,0.9900,"{""narration"": ""NEFT CR-GATEWAYPAY-UTR981934577532-SETTLEMENT"", ""amount_paise"": 7732069, ""date_gap_days"": 0, ""contested_by"": 0}",[]
L3_SETTLEMENT_BANK,setl_0008,bank_00008,R3.1_SETTLEMENT_ID_IN_NARRATION,0.9900,"{""narration"": ""NEFT CR-GATEWAYPAY-SETL_0008-UTR382718930125-SETTLEMENT"", ""amount_paise"": 29131078, ""date_gap_days"": 0, ""contested_by"": 0}",[]
L3_SETTLEMENT_BANK,setl_0009,bank_00009,R3.1_SETTLEMENT_ID_IN_NARRATION,0.9900,"{""narration"": ""NEFT CR-GATEWAYPAY-SETL_0009-UTR678692079564-SETTLEMENT"", ""amount_paise"": 19193332, ""date_gap_days"": 0, ""contested_by"": 0}",[]
L3_SETTLEMENT_BANK,setl_0010,bank_00010,R3.2_UTR_MATCH,0.9900,"{""narration"": ""NEFT CR-GATEWAYPAY-UTR997835012153-SETTLEMENT"", ""amount_paise"": 27724174, ""date_gap_days"": 3, ""contested_by"": 0}",[]
L3_SETTLEMENT_BANK,setl_0011,bank_00011,R3.1_SETTLEMENT_ID_IN_NARRATION,0.9900,"{""narration"": ""NEFT CR-GATEWAYPAY-SETL_0011-NOUTR-SETTLEMENT"", ""amount_paise"": 22611369, ""date_gap_days"": 0, ""contested_by"": 0}",[]
L3_SETTLEMENT_BANK,setl_0012,bank_00012,R3.1_SETTLEMENT_ID_IN_NARRATION,0.9900,"{""narration"": ""NEFT CR-GATEWAYPAY-SETL_0012-UTR134844938098-SETTLEMENT"", ""amount_paise"": 18639600, ""date_gap_days"": 0, ""contested_by"": 0}",[]
L3_SETTLEMENT_BANK,setl_0013,bank_00013,R3.1_SETTLEMENT_ID_IN_NARRATION,0.9900,"{""narration"": ""NEFT CR-GATEWAYPAY-SETL_0013-UTR487640565588-SETTLEMENT"", ""amount_paise"": 19666312, ""date_gap_days"": 0, ""contested_by"": 0}",[]
L3_SETTLEMENT_BANK,setl_0014,bank_00014,R3.1_SETTLEMENT_ID_IN_NARRATION,0.9900,"{""narration"": ""NEFT CR-GATEWAYPAY-SETL_0014-UTR583533315126-SETTLEMENT"", ""amount_paise"": 15266565, ""date_gap_days"": 0, ""contested_by"": 0}",[]
L3_SETTLEMENT_BANK,setl_0016,bank_00017,R3.1_SETTLEMENT_ID_IN_NARRATION,0.9900,"{""narration"": ""NEFT CR-GATEWAYPAY-SETL_0016-UTR264004480678-SETTLEMENT"", ""amount_paise"": 12267139, ""date_gap_days"": 0, ""contested_by"": 0}",[]
L3_SETTLEMENT_BANK,setl_0017,bank_00018,R3.1_SETTLEMENT_ID_IN_NARRATION,0.9900,"{""narration"": ""NEFT CR-GATEWAYPAY-SETL_0017-UTR837390750969-SETTLEMENT"", ""amount_paise"": 19703234, ""date_gap_days"": 0, ""contested_by"": 0}",[]
L3_SETTLEMENT_BANK,setl_0018,bank_00019,R3.1_SETTLEMENT_ID_IN_NARRATION,0.9900,"{""narration"": ""NEFT CR-GATEWAYPAY-SETL_0018-NOUTR-SETTLEMENT"", ""amount_paise"": 9483445, ""date_gap_days"": 0, ""contested_by"": 0}",[]
L3_SETTLEMENT_BANK,setl_0019,bank_00020,R3.1_SETTLEMENT_ID_IN_NARRATION,0.9900,"{""narration"": ""NEFT CR-GATEWAYPAY-SETL_0019-UTR936185120559-SETTLEMENT"", ""amount_paise"": 18376081, ""date_gap_days"": 0, ""contested_by"": 0}",[]
L3_SETTLEMENT_BANK,setl_0020,bank_00021,R3.1_SETTLEMENT_ID_IN_NARRATION,0.9900,"{""narration"": ""NEFT CR-GATEPAYPAY-SETL_0020-UTRG25829077333-SDTTLEMENT"", ""amount_paise"": 23224423, ""date_gap_days"": 0, ""contested_by"": 0}",[]
L3_SETTLEMENT_BANK,setl_0024,bank_00023,R3.2_UTR_MATCH_WITH_SHORTFALL,0.9500,"{""declared_paise"": 18961989, ""credited_paise"": 18772369, ""delta_paise"": -189620}",[]
L3_SETTLEMENT_BANK,setl_0026,bank_00024,R3.2_UTR_MATCH_WITH_SHORTFALL,0.9500,"{""declared_paise"": 23851971, ""credited_paise"": 23613451, ""delta_paise"": -238520}",[]
L3_SETTLEMENT_BANK,setl_0027,bank_00025,R3.1_SETTLEMENT_ID_IN_NARRATION,0.9900,"{""narration"": ""NEFT CR-GATEWAYPAY-SETL_0027-NOUTR-SETTLEMENT"", ""amount_paise"": 13405266, ""date_gap_days"": 0, ""contested_by"": 0}",[]
L3_SETTLEMENT_BANK,setl_0003,bank_00003,R3.4b_WITHHOLDING_RATE_MATCH,0.8000,"{""declared_paise"": 14779424, ""credited_paise"": 14631630, ""delta_paise"": -147794, ""implied_rate_bp"": 100, ""forward_candidates"": 1, ""reverse_candidates"": 1, ""narration"": ""NEFT CR-GATEWAYPAY-PAYOUT-SETTLEMENT""}",[]
L3_SETTLEMENT_BANK,setl_0021,bank_00022,R3.6_SUBSET_SUM_MERGED_2WAY,0.9500,"{""merged_group"": [""setl_0021"", ""setl_0022""], ""group_size"": 2, ""group_total_paise"": 39045940, ""credit_paise"": 39045940, ""uniqueness_verified"": true}",[]
L3_SETTLEMENT_BANK,setl_0022,bank_00022,R3.6_SUBSET_SUM_MERGED_2WAY,0.9500,"{""merged_group"": [""setl_0021"", ""setl_0022""], ""group_size"": 2, ""group_total_paise"": 39045940, ""credit_paise"": 39045940, ""uniqueness_verified"": true}",[]
L3_SETTLEMENT_BANK,setl_0015,bank_00015|bank_00016,R3.7_SUBSET_SUM_SPLIT_2WAY,0.9500,"{""parts"": [""bank_00015"", ""bank_00016""], ""group_size"": 2, ""parts_total_paise"": 22216916, ""payout_paise"": 22216916, ""used_narration_hint"": true, ""uniqueness_verified"": true}",[]
